index,answer
0,0
1,0
2,0
3,0
4,0
5,0
6,0
7,0
8,True
9,0
10,0
11,True
12,True
13,True
14,0
15,0
16,True
17,True
18,True
19,True
20,0
21,0
22,True
23,0
24,0
25,0
26,0
27,0
28,0
29,0
30,True
31,0
32,0
33,0
34,True
35,0
36,True
37,0
38,0
39,0
40,True
41,True
42,0
43,0
44,0
45,True
46,0
47,True
48,0
49,0
50,0
51,0
52,0
53,True
54,True
55,0
56,0
57,True
58,True
59,True
60,0
61,True
62,True
63,True
64,True
65,True
66,True
67,True
68,True
69,0
70,0
71,0
72,0
73,True
74,0
75,True
76,0
77,True
78,0
79,True
80,0
81,True
82,0
83,0
84,0
85,True
86,True
87,0
88,True
89,True
90,True
91,0
92,0
93,True
94,0
95,True
96,0
97,0
98,True
99,0
100,True
101,0
102,True
103,True
104,0
105,True
106,True
107,0
108,True
109,0
110,True
111,0
112,True
113,0
114,True
115,0
116,0
117,True
118,True
119,0
120,0
121,0
122,0
123,True
124,0
125,True
126,True
127,True
128,0
129,True
130,0
131,True
132,True
133,True
134,True
135,0
136,True
137,True
138,True
139,True
140,0
141,0
142,True
143,True
144,True
145,True
146,True
147,0
148,0
149,0
150,True
151,0
152,True
153,True
154,0
155,True
156,True
157,0
158,0
159,True
160,0
161,0
162,0
163,True
164,0
165,True
166,0
167,0
168,0
169,0
170,0
171,True
172,0
173,0
174,0
175,0
176,0
177,0
178,0
179,True
180,0
181,0
182,0
183,True
184,0
185,0
186,0
187,True
188,True
189,0
190,True
191,True
192,0
193,True
194,0
195,0
196,0
197,True
198,0
199,True
200,0
201,0
202,0
203,0
204,0
205,True
206,0
207,0
208,True
209,True
210,0
211,0
212,True
213,0
214,True
215,0
216,True
217,True
218,True
219,True
220,0
221,0
222,True
223,0
224,0
225,True
226,0
227,True
228,True
229,True
230,True
231,True
232,0
233,True
234,0
235,0
236,0
237,True
238,0
239,True
240,True
241,True
242,0
243,0
244,0
245,True
246,True
247,0
248,0
249,True
250,True
251,True
252,0
253,True
254,0
255,True
256,0
257,0
258,True
259,0
260,True
261,0
262,0
263,True
264,0
265,0
266,True
267,0
268,0
269,0
270,0
271,True
272,True
273,True
274,0
275,0
276,True
277,0
278,0
279,0
280,True
281,0
282,0
283,0
284,0
285,True
286,0
287,0
288,0
289,0
290,0
291,True
292,0
293,True
294,0
295,0
296,0
297,0
298,0
299,0
300,True
301,0
302,True
303,0
304,True
305,True
306,True
307,True
308,True
309,0
310,0
311,True
312,True
313,0
314,True
315,0
316,True
317,0
318,True
319,0
320,True
321,0
322,True
323,0
324,0
325,True
326,0
327,0
328,0
329,0
330,True
331,0
332,True
333,0
334,0
335,True
336,True
337,True
338,0
339,0
340,True
341,True
342,True
343,True
344,0
345,0
346,0
347,0
348,0
349,True
350,True
351,0
352,0
353,True
354,True
355,0
356,True
357,0
358,0
359,0
360,0
361,True
362,True
363,True
364,True
365,0
366,0
367,True
368,0
369,0
370,True
371,True
372,True
373,0
374,0
375,0
376,0
377,True
378,True
379,0
380,True
381,True
382,0
383,True
384,0
385,0
386,True
387,0
388,True
389,True
390,True
391,True
392,True
393,True
394,0
395,True
396,True
397,0
398,0
399,True
400,True
401,True
402,0
403,True
404,0
405,True
406,True
407,0
408,0
409,True
410,0
411,True
412,True
413,0
414,True
415,True
416,0
417,True
418,0
419,True
420,True
421,0
422,True
423,True
424,0
425,True
426,True
427,0
428,True
429,0
430,True
431,True
432,True
433,True
434,0
435,True
436,0
437,0
438,0
439,0
440,True
441,True
442,0
443,True
444,0
445,True
446,True
447,True
448,0
449,True
450,True
451,True
452,0
453,0
454,0
455,True
456,0
457,True
458,0
459,True
460,0
461,True
462,0
463,True
464,0
465,0
466,0
467,0
468,True
469,True
470,True
471,0
472,True
473,0
474,0
475,0
476,0
477,True
478,0
479,0
480,True
481,0
482,True
483,0
484,True
485,True
486,True
487,True
488,True
489,0
490,True
491,0
492,True
493,True
494,0
495,True
496,True
497,0
498,0
499,True
500,0
501,0
502,0
503,True
504,0
505,True
506,True
507,0
508,0
509,True
510,True
511,0
512,0
513,True
514,0
515,0
516,True
517,True
518,True
519,0
520,0
521,True
522,True
523,True
524,True
525,0
526,0
527,True
528,True
529,0
530,True
531,True
532,True
533,True
534,True
535,0
536,True
537,0
538,0
539,0
540,True
541,True
542,0
543,True
544,True
545,True
546,True
547,True
548,0
549,0
550,0
551,True
552,True
553,0
554,True
555,True
556,0
557,True
558,True
559,0
560,0
561,True
562,0
563,True
564,0
565,True
566,True
567,True
568,0
569,0
570,0
571,True
572,0
573,0
574,0
575,0
576,True
577,True
578,True
579,0
580,0
581,0
582,0
583,0
584,True
585,True
586,True
587,0
588,0
589,True
590,True
591,0
592,0
593,0
594,True
595,0
596,True
597,True
598,True
599,0
600,0
601,0
602,0
603,True
604,0
605,True
606,True
607,True
608,True
609,True
610,True
611,True
612,0
613,0
614,True
615,0
616,0
617,0
618,0
619,True
620,0
621,True
622,0
623,True
624,True
625,True
626,0
627,True
628,0
629,0
630,True
631,0
632,0
633,0
634,True
635,True
636,True
637,True
638,True
639,True
640,True
641,True
642,True
643,0
644,True
645,True
646,0
647,True
648,True
649,0
650,True
651,0
652,True
653,0
654,0
655,True
656,0
657,True
658,True
659,0
660,0
661,0
662,0
663,True
664,True
665,0
666,True
667,0
668,0
669,0
670,True
671,True
672,True
673,True
674,True
675,True
676,0
677,True
678,True
679,True
680,0
681,0
682,True
683,True
684,True
685,True
686,0
687,0
688,0
689,0
690,0
691,0
692,0
693,True
694,True
695,0
696,True
697,True
698,True
699,0
700,True
701,True
702,True
703,True
704,0
705,True
706,True
707,True
708,True
709,0
710,True
711,True
712,0
713,True
714,True
715,0
716,0
717,True
718,0
719,0
720,0
721,True
722,True
723,True
724,True
725,0
726,0
727,True
728,0
729,True
730,0
731,True
732,0
733,0
734,True
735,0
736,True
737,0
738,True
739,0
740,True
741,True
742,True
743,True
744,0
745,True
746,True
747,0
748,0
749,True
750,True
751,True
752,True
753,True
754,True
755,0
756,0
757,0
758,0
759,0
760,True
761,0
762,True
763,0
764,0
765,0
766,0
767,0
768,0
769,0
770,True
771,True
772,0
773,0
774,0
775,True
776,True
777,0
778,0
779,0
780,0
781,0
782,0
783,True
784,True
785,0
786,0
787,0
788,0
789,True
790,True
791,True
792,0
793,True
794,True
795,True
796,0
797,0
798,True
799,True
800,0
801,0
802,0
803,0
804,0
805,0
806,0
807,True
808,True
809,0
810,True
811,True
812,True
813,0
814,True
815,True
816,0
817,0
818,True
819,True
820,0
821,True
822,True
823,0
824,True
825,0
826,0
827,True
828,True
829,0
830,0
831,0
832,True
833,0
834,True
835,True
836,0
837,0
838,True
839,0
840,True
841,0
842,0
843,0
844,True
845,True
846,0
847,0
848,True
849,True
850,True
851,0
852,True
853,0
854,0
855,0
856,True
857,True
858,0
859,True
860,True
861,True
862,True
863,True
864,True
865,True
866,0
867,0
868,0
869,0
870,True
871,0
872,True
873,True
874,0
875,0
876,0
877,True
878,0
879,0
880,True
881,0
882,True
883,True
884,0
885,0
886,0
887,True
888,True
889,True
890,0
891,0
892,True
893,True
894,0
895,True
896,0
897,0
898,0
899,0
900,0
901,0
902,0
903,True
904,True
905,True
906,0
907,0
908,0
909,0
910,True
911,0
912,0
913,0
914,True
915,True
916,True
917,True
918,True
919,0
920,0
921,0
922,0
923,0
924,True
925,True
926,True
927,True
928,True
929,0
930,0
931,True
932,True
933,0
934,True
935,0
936,True
937,0
938,0
939,True
940,0
941,0
942,0
943,0
944,True
945,0
946,0
947,0
948,True
949,True
950,0
951,0
952,True
953,True
954,True
955,0
956,True
957,True
958,0
959,0
960,0
961,0
962,True
963,True
964,True
965,True
966,0
967,0
968,True
969,0
970,0
971,True
972,True
973,True
974,0
975,0
976,0
977,True
978,True
979,0
980,0
981,0
982,0
983,0
984,0
985,0
986,True
987,True
988,True
989,True
990,0
991,0
992,True
993,0
994,0
995,0
996,0
997,True
998,0
999,0
